{
  "mu_you_on_you": -1.3991207310404488,
  "mu_gpt_on_gpt": -1.4829016902611747
}