{
  "mu_you_on_you": -1.660938362029242,
  "mu_gpt_on_gpt": -1.5501486730525826
}