{
  "mu_you_on_you": -1.6778217200445245,
  "mu_gpt_on_gpt": -1.5581291694087502
}