{
  "mu_you_on_you": -1.545326949317629,
  "mu_gpt_on_gpt": -1.4642291075364966
}