{
  "mu_you_on_you": -1.547976478118004,
  "mu_gpt_on_gpt": -1.5169463960557357
}