{
  "mu_you_on_you": -1.7174463273421865,
  "mu_gpt_on_gpt": -1.5713380913344757
}