{
  "mu_you_on_you": -1.5854103382935272,
  "mu_gpt_on_gpt": -1.5491720949083183
}