{
  "mu_you_on_you": -1.4626334402238526,
  "mu_gpt_on_gpt": -1.4977795067664885
}